{
    "variables": {
        "aws_access_key": "",
        "aws_secret_key": ""
    },
    "builders": [
        {
            "type": "amazon-ebs",
            "access_key": "{{user `aws_access_key`}}",
            "secret_key": "{{user `aws_secret_key`}}",
            "region": "us-east-2",
            "source_ami_filter": {
                "filters": {
                    "virtualization-type": "hvm",
                    "name": "ubuntu/images/*ubuntu-xenial-16.04-amd64-server-*",
                    "root-device-type": "ebs"
                },
                "owners": [
                    "099720109477"
                ],
                "most_recent": true
            },
            "instance_type": "t2.micro",
            "ssh_username": "ubuntu",
            "ami_name": "scenario1-packer-{{timestamp}}"
        }
    ],
    "provisioners": [
        {
            "type": "file",
            "source": "./helloworld.txt",
            "destination": "/home/ubuntu/"
        },
        {
            "type": "shell",
            "inline": [
                "ls -al /home/ubuntu",
                "cat /home/ubuntu/helloworld.txt"
            ]
        },
        {
            "type": "shell",
            "script": "./install_nginx.sh"
        }
    ]
}